{
    "min": [
        1.00546158,
        30.01,
        1.011903283,
        2.0,
        150.1198502,
        20.01910242,
        0.0,
        0.000384676,
        100.6485954,
        0.01
    ],
    "max": [
        34.78215043,
        499.95,
        599.82,
        11.0,
        7192.4,
        45.0,
        2.498,
        1.2,
        6493.74,
        4.197
    ],
    "scale": [
        0.029606217602943043,
        0.0021279312252627993,
        0.0016699840992173583,
        0.1111111111111111,
        0.0001419994630614631,
        0.04003058724361497,
        0.4003202562049639,
        0.8336005551059466,
        0.00015641884914713926,
        0.23883448770002386
    ],
    "features": [
        "location_km_from_origin",
        "flow_rate_m3ph",
        "turbidity_ntu",
        "ph",
        "conductivity_us_cm",
        "temperature_c",
        "chromium_mg_l",
        "copper_mg_l",
        "tds_mg_l",
        "uv_vis_absorbance"
    ]
}